<?xml version='1.0' encoding='UTF-8' standalone='yes' ?>
<PROJECT IID="1" BUILDPATH="C:/Users/WIN10~1/AppData/Local/Temp/VSM Studio/3558a9d8231d46b3b45b1056dbef7da0/80C31_1" VERSION="830" TYPE="SOURCE" NAME="80C31_1" CONFIGURATION="Debug">
 <FILES ATTACH="1">
  <FILE ATTACH="1" GROUP="Source Files" NAME="80C31_1/main.asm"/>
  <FILE ATTACH="1" GROUP="Firmware Files" NAME="80C31_1/Debug/Debug.HEX" FIRMWARE="1"/>
  <FILE ATTACH="1" GROUP="Firmware Files" NAME="80C31_1/Debug/Debug.SDI"/>
 </FILES>
 <CONFIGURATION CRC="eb9dfcbbd99032686f46372562e05176" TARGET="Debug" COMPILER="ASEM-51 (Proteus)" NAME="Debug">
  <CONTROLLER FAMILY="8051" TYPE="80C31"/>
  <FILE TOOL="ASM" NAME="80C31_1/Debug/Debug.HEX">
   <FILE NAME="80C31_1/main.asm"/>
  </FILE>
 </CONFIGURATION>
 <CONFIGURATION CRC="eb9dfcbbd99032686f46372562e05176" TARGET="Release" COMPILER="ASEM-51 (Proteus)" NAME="Release">
  <CONTROLLER FAMILY="8051" TYPE="80C31"/>
  <FILE TOOL="ASM">
   <FILE NAME="80C31_1/main.asm"/>
  </FILE>
 </CONFIGURATION>
</PROJECT>
